id,Vrid,core_flag,flag,na_days,na_part_water,na_days_water,na_basin,na_basin_days,multiple_responses,all_activities,all_basins,high_days,high_sum_days,high_water_days,high_basin_days,low_basin_days
C2058317730,98,0,0,0,0,0,0,0,0,0,0,0,0,0,0,0
C2058321874,99,0,0,0,0,0,0,0,0,0,0,0,0,0,0,0
C2058324714,101,0,0,0,0,0,0,0,0,0,0,0,0,0,0,0
C2058327255,102,0,0,0,0,0,0,0,0,0,0,0,0,0,0,0
C2058333971,103,0,0,0,0,0,0,0,0,0,0,0,0,0,0,0
C2058334912,104,0,6,0,0,0,0,0,0,0,0,0,0,1,2,3
C2058335261,105,0,0,0,0,0,0,0,0,0,0,0,0,0,0,0
C2058335070,106,0,0,0,0,0,0,0,0,0,0,0,0,0,0,0
C2058335430,107,0,0,0,0,0,0,0,0,0,0,0,0,0,0,0
C2058332897,108,0,1,0,0,0,0,0,0,0,0,0,0,1,0,0
C2058336678,109,0,2,0,0,0,0,0,0,0,0,0,0,0,0,2
C2058338484,110,0,1,0,0,0,0,0,0,0,0,0,0,0,0,1
C2058338748,111,0,0,0,0,0,0,0,0,0,0,0,0,0,0,0
C2058340000,112,0,0,0,0,0,0,0,0,0,0,0,0,0,0,0
C2058339645,113,0,0,0,0,0,0,0,0,0,0,0,0,0,0,0
C2058341094,115,0,1,0,0,0,0,0,0,0,0,0,0,1,0,0
C2058341188,116,0,0,0,0,0,0,0,0,0,0,0,0,0,0,0
C2058341994,117,0,0,0,0,0,0,0,0,0,0,0,0,0,0,0
C2058342230,118,0,0,0,0,0,0,0,0,0,0,0,0,0,0,0
C2058342688,119,0,0,0,0,0,0,0,0,0,0,0,0,0,0,0
C2058344726,123,0,0,0,0,0,0,0,0,0,0,0,0,0,0,0
C2058344559,124,0,0,0,0,0,0,0,0,0,0,0,0,0,0,0
C2058346229,125,0,2,0,0,0,0,0,0,0,0,0,0,2,0,0
C2058346823,126,0,2,0,0,0,0,0,0,0,0,0,0,0,0,2
C2058346324,127,0,1,0,0,0,0,0,0,0,0,0,0,1,0,0
C2058348211,128,0,0,0,0,0,0,0,0,0,0,0,0,0,0,0
C2058348332,129,3,3,0,3,0,0,0,0,0,0,0,0,0,0,0
C2058348822,130,0,1,0,0,0,0,0,0,0,0,0,0,0,0,1
C2058345091,131,0,0,0,0,0,0,0,0,0,0,0,0,0,0,0
C2058353927,133,0,0,0,0,0,0,0,0,0,0,0,0,0,0,0
C2058358897,134,3,5,0,3,0,0,0,0,0,0,0,0,1,0,1
C2058360916,135,0,0,0,0,0,0,0,0,0,0,0,0,0,0,0
C2058363696,136,0,0,0,0,0,0,0,0,0,0,0,0,0,0,0
C2058363098,137,0,0,0,0,0,0,0,0,0,0,0,0,0,0,0
C2058365634,139,0,0,0,0,0,0,0,0,0,0,0,0,0,0,0
C2058366543,140,0,0,0,0,0,0,0,0,0,0,0,0,0,0,0
C2058363026,141,3,3,0,0,0,3,0,0,0,0,0,0,0,0,0
C2058357196,142,0,0,0,0,0,0,0,0,0,0,0,0,0,0,0
C2058367900,143,0,0,0,0,0,0,0,0,0,0,0,0,0,0,0
C2058369100,144,0,0,0,0,0,0,0,0,0,0,0,0,0,0,0
C2058371422,145,0,2,0,0,0,0,0,0,0,0,0,0,0,0,2
C2058375254,146,0,0,0,0,0,0,0,0,0,0,0,0,0,0,0
C2058376523,147,0,0,0,0,0,0,0,0,0,0,0,0,0,0,0
C2058377754,149,0,1,0,0,0,0,0,0,0,0,0,0,0,0,1
C2058377448,150,0,0,0,0,0,0,0,0,0,0,0,0,0,0,0
C2058381366,151,0,0,0,0,0,0,0,0,0,0,0,0,0,0,0
C2058382400,152,0,1,0,0,0,0,0,0,0,0,0,0,0,0,1
C2058382707,153,0,0,0,0,0,0,0,0,0,0,0,0,0,0,0
C2058385132,154,0,0,0,0,0,0,0,0,0,0,0,0,0,0,0
C2058385116,155,0,0,0,0,0,0,0,0,0,0,0,0,0,0,0
C2058386154,156,0,0,0,0,0,0,0,0,0,0,0,0,0,0,0
C2058389011,157,0,1,0,0,0,0,0,0,0,0,0,0,1,0,0
C2058390285,158,0,0,0,0,0,0,0,0,0,0,0,0,0,0,0
C2058390256,159,0,0,0,0,0,0,0,0,0,0,0,0,0,0,0
C2058399853,160,0,0,0,0,0,0,0,0,0,0,0,0,0,0,0
C2058400518,161,0,0,0,0,0,0,0,0,0,0,0,0,0,0,0
C2058400390,162,0,0,0,0,0,0,0,0,0,0,0,0,0,0,0
C2058400374,163,3,3,0,3,0,0,0,0,0,0,0,0,0,0,0
C2058402356,164,0,0,0,0,0,0,0,0,0,0,0,0,0,0,0
C2058397210,165,0,0,0,0,0,0,0,0,0,0,0,0,0,0,0
C2058412752,166,0,0,0,0,0,0,0,0,0,0,0,0,0,0,0
C2058416586,167,0,0,0,0,0,0,0,0,0,0,0,0,0,0,0
C2058418865,168,0,3,0,0,0,0,0,0,0,0,0,0,0,0,3
C2058425489,169,0,3,0,0,0,0,0,0,0,0,0,0,0,0,3
C2058431472,170,0,0,0,0,0,0,0,0,0,0,0,0,0,0,0
C2058436948,171,3,3,0,0,0,0,3,0,0,0,0,0,0,0,0
C2058437571,172,0,0,0,0,0,0,0,0,0,0,0,0,0,0,0
C2058438505,173,0,0,0,0,0,0,0,0,0,0,0,0,0,0,0
C2058447055,174,0,0,0,0,0,0,0,0,0,0,0,0,0,0,0
C2058450889,175,0,0,0,0,0,0,0,0,0,0,0,0,0,0,0
C2058452655,176,0,0,0,0,0,0,0,0,0,0,0,0,0,0,0
C2058450515,177,0,0,0,0,0,0,0,0,0,0,0,0,0,0,0
C2058457010,178,0,0,0,0,0,0,0,0,0,0,0,0,0,0,0
C2058458286,179,3,3,0,3,0,0,0,0,0,0,0,0,0,0,0
C2058460469,180,0,0,0,0,0,0,0,0,0,0,0,0,0,0,0
C2058468700,181,0,0,0,0,0,0,0,0,0,0,0,0,0,0,0
C2058476485,185,0,0,0,0,0,0,0,0,0,0,0,0,0,0,0
C2058481580,186,0,0,0,0,0,0,0,0,0,0,0,0,0,0,0
C2058483925,187,0,0,0,0,0,0,0,0,0,0,0,0,0,0,0
C2058489637,188,3,3,0,3,0,0,0,0,0,0,0,0,0,0,0
C2058493330,189,0,1,0,0,0,0,0,0,0,0,0,0,0,0,1
C2058492503,190,0,0,0,0,0,0,0,0,0,0,0,0,0,0,0
C2058497090,191,0,0,0,0,0,0,0,0,0,0,0,0,0,0,0
C2058496952,192,0,0,0,0,0,0,0,0,0,0,0,0,0,0,0
C2058497076,193,0,1,0,0,0,0,0,0,0,0,0,0,1,0,0
C2058496666,194,0,0,0,0,0,0,0,0,0,0,0,0,0,0,0
C2058500876,195,0,2,0,0,0,0,0,0,0,0,0,0,2,0,0
C2058501694,196,0,0,0,0,0,0,0,0,0,0,0,0,0,0,0
C2058502048,197,3,3,0,3,0,0,0,0,0,0,0,0,0,0,0
C2058502512,198,0,0,0,0,0,0,0,0,0,0,0,0,0,0,0
C2058502492,199,0,0,0,0,0,0,0,0,0,0,0,0,0,0,0
C2058504776,200,0,0,0,0,0,0,0,0,0,0,0,0,0,0,0
C2058513230,202,0,0,0,0,0,0,0,0,0,0,0,0,0,0,0
C2058522021,203,0,0,0,0,0,0,0,0,0,0,0,0,0,0,0
C2058524663,204,0,0,0,0,0,0,0,0,0,0,0,0,0,0,0
C2058527469,205,0,0,0,0,0,0,0,0,0,0,0,0,0,0,0
C2058529836,206,0,1,0,0,0,0,0,0,0,0,0,0,0,0,1
C2058530660,207,0,0,0,0,0,0,0,0,0,0,0,0,0,0,0
C2058531294,208,0,1,0,0,0,0,0,0,0,0,0,0,1,0,0
C2058536025,209,0,2,0,0,0,0,0,0,0,0,0,0,0,0,2
C2058536518,210,0,0,0,0,0,0,0,0,0,0,0,0,0,0,0
C2058546841,211,0,0,0,0,0,0,0,0,0,0,0,0,0,0,0
C2058552920,212,0,0,0,0,0,0,0,0,0,0,0,0,0,0,0
C2058553647,213,0,1,0,0,0,0,0,0,0,0,0,0,0,0,1
C2058564836,214,0,0,0,0,0,0,0,0,0,0,0,0,0,0,0
C2058566203,215,0,0,0,0,0,0,0,0,0,0,0,0,0,0,0
C2058566448,216,0,0,0,0,0,0,0,0,0,0,0,0,0,0,0
C2058565815,217,0,0,0,0,0,0,0,0,0,0,0,0,0,0,0
C2058573289,219,0,0,0,0,0,0,0,0,0,0,0,0,0,0,0
C2058576831,220,0,0,0,0,0,0,0,0,0,0,0,0,0,0,0
C2058591358,221,0,0,0,0,0,0,0,0,0,0,0,0,0,0,0
C2058593235,223,0,0,0,0,0,0,0,0,0,0,0,0,0,0,0
C2058598954,224,0,0,0,0,0,0,0,0,0,0,0,0,0,0,0
C2058605529,225,3,3,0,0,0,3,0,0,0,0,0,0,0,0,0
C2058608533,226,0,0,0,0,0,0,0,0,0,0,0,0,0,0,0
C2058658839,227,0,0,0,0,0,0,0,0,0,0,0,0,0,0,0
C2058703405,228,0,1,0,0,0,0,0,0,0,0,0,0,0,1,0
C2058745380,229,0,0,0,0,0,0,0,0,0,0,0,0,0,0,0
C2058786009,230,0,0,0,0,0,0,0,0,0,0,0,0,0,0,0
C2058789430,231,0,1,0,0,0,0,0,0,0,0,0,0,0,0,1
C2058795954,232,0,0,0,0,0,0,0,0,0,0,0,0,0,0,0
C2058812154,233,0,0,0,0,0,0,0,0,0,0,0,0,0,0,0
C2058834635,234,0,0,0,0,0,0,0,0,0,0,0,0,0,0,0
C2058837196,235,3,3,0,0,0,3,0,0,0,0,0,0,0,0,0
C2058873223,236,0,0,0,0,0,0,0,0,0,0,0,0,0,0,0
C2058884744,237,0,0,0,0,0,0,0,0,0,0,0,0,0,0,0
C2058909519,238,0,0,0,0,0,0,0,0,0,0,0,0,0,0,0
C2058914306,239,3,3,0,0,0,3,0,0,0,0,0,0,0,0,0
C2058917474,240,0,0,0,0,0,0,0,0,0,0,0,0,0,0,0
C2058923896,241,0,2,0,0,0,0,0,0,0,0,0,0,1,0,1
C2058938386,242,0,3,0,0,0,0,0,0,0,0,0,0,0,0,3
C2058943612,243,0,0,0,0,0,0,0,0,0,0,0,0,0,0,0
C2058946033,244,0,0,0,0,0,0,0,0,0,0,0,0,0,0,0
C2058957687,245,0,0,0,0,0,0,0,0,0,0,0,0,0,0,0
C2058963461,246,0,0,0,0,0,0,0,0,0,0,0,0,0,0,0
C2058967715,247,0,1,0,0,0,0,0,0,0,0,0,0,1,0,0
C2058988842,248,0,0,0,0,0,0,0,0,0,0,0,0,0,0,0
C2058988460,249,3,4,0,0,0,0,3,0,0,0,0,0,1,0,0
C2058995413,250,0,0,0,0,0,0,0,0,0,0,0,0,0,0,0
C2059015298,251,0,0,0,0,0,0,0,0,0,0,0,0,0,0,0
C2059151126,252,0,0,0,0,0,0,0,0,0,0,0,0,0,0,0
C2059155507,253,0,0,0,0,0,0,0,0,0,0,0,0,0,0,0
C2059160415,254,0,0,0,0,0,0,0,0,0,0,0,0,0,0,0
C2059162816,255,0,0,0,0,0,0,0,0,0,0,0,0,0,0,0
C2059164617,256,0,0,0,0,0,0,0,0,0,0,0,0,0,0,0
C2059167999,257,0,0,0,0,0,0,0,0,0,0,0,0,0,0,0
C2059170938,259,0,0,0,0,0,0,0,0,0,0,0,0,0,0,0
C2059169895,261,0,0,0,0,0,0,0,0,0,0,0,0,0,0,0
C2059174735,262,0,0,0,0,0,0,0,0,0,0,0,0,0,0,0
C2059176334,263,0,0,0,0,0,0,0,0,0,0,0,0,0,0,0
C2059177495,264,0,0,0,0,0,0,0,0,0,0,0,0,0,0,0
C2059177978,265,0,0,0,0,0,0,0,0,0,0,0,0,0,0,0
C2059185592,266,3,3,0,3,0,0,0,0,0,0,0,0,0,0,0
C2059184935,267,0,0,0,0,0,0,0,0,0,0,0,0,0,0,0
C2059189324,268,0,0,0,0,0,0,0,0,0,0,0,0,0,0,0
C2059192122,269,0,0,0,0,0,0,0,0,0,0,0,0,0,0,0
C2059192461,270,0,0,0,0,0,0,0,0,0,0,0,0,0,0,0
C2059193301,271,3,3,0,0,0,0,3,0,0,0,0,0,0,0,0
C2059195072,272,0,0,0,0,0,0,0,0,0,0,0,0,0,0,0
C2059191165,273,0,0,0,0,0,0,0,0,0,0,0,0,0,0,0
C2059193420,274,0,0,0,0,0,0,0,0,0,0,0,0,0,0,0
C2059197578,275,0,1,0,0,0,0,0,0,0,0,0,0,0,0,1
C2059200723,276,0,3,0,0,0,0,0,0,0,0,0,0,0,0,3
C2059203020,277,0,0,0,0,0,0,0,0,0,0,0,0,0,0,0
C2059208513,278,0,3,0,0,0,0,0,0,0,0,0,0,0,0,3
C2059218594,279,0,0,0,0,0,0,0,0,0,0,0,0,0,0,0
C2059226997,280,3,3,0,0,0,3,0,0,0,0,0,0,0,0,0
C2059227637,281,0,0,0,0,0,0,0,0,0,0,0,0,0,0,0
C2059233745,282,0,0,0,0,0,0,0,0,0,0,0,0,0,0,0
C2059234196,283,0,0,0,0,0,0,0,0,0,0,0,0,0,0,0
C2059237192,284,0,0,0,0,0,0,0,0,0,0,0,0,0,0,0
C2059237628,285,3,3,0,0,0,0,0,3,0,0,0,0,0,0,0
C2059238710,286,0,0,0,0,0,0,0,0,0,0,0,0,0,0,0
C2059243544,287,0,0,0,0,0,0,0,0,0,0,0,0,0,0,0
C2059246801,288,0,1,0,0,0,0,0,0,0,0,0,0,0,0,1
C2059253884,289,0,0,0,0,0,0,0,0,0,0,0,0,0,0,0
C2059227467,290,0,0,0,0,0,0,0,0,0,0,0,0,0,0,0
C2059259211,291,0,0,0,0,0,0,0,0,0,0,0,0,0,0,0
C2059260120,292,0,0,0,0,0,0,0,0,0,0,0,0,0,0,0
C2059261051,295,0,0,0,0,0,0,0,0,0,0,0,0,0,0,0
C2059269013,297,0,0,0,0,0,0,0,0,0,0,0,0,0,0,0
C2059229580,299,3,4,0,0,0,0,3,0,0,0,0,0,1,0,0
C2059274124,300,0,0,0,0,0,0,0,0,0,0,0,0,0,0,0
C2059274220,301,0,2,0,0,0,0,0,0,0,0,0,0,0,0,2
C2059280682,303,0,0,0,0,0,0,0,0,0,0,0,0,0,0,0
C2059292519,305,0,0,0,0,0,0,0,0,0,0,0,0,0,0,0
C2059292076,306,0,1,0,0,0,0,0,0,0,0,0,0,1,0,0
C2059293765,307,0,1,0,0,0,0,0,0,0,0,0,0,0,0,1
C2059295094,308,3,3,0,0,0,0,3,0,0,0,0,0,0,0,0
C2059301712,310,0,0,0,0,0,0,0,0,0,0,0,0,0,0,0
C2059302119,311,0,0,0,0,0,0,0,0,0,0,0,0,0,0,0
C2059308504,312,0,0,0,0,0,0,0,0,0,0,0,0,0,0,0
C2059308320,313,0,2,0,0,0,0,0,0,0,0,0,0,0,1,1
C2059310480,314,0,0,0,0,0,0,0,0,0,0,0,0,0,0,0
C2059311255,316,0,0,0,0,0,0,0,0,0,0,0,0,0,0,0
C2059312050,317,0,0,0,0,0,0,0,0,0,0,0,0,0,0,0
C2059311148,318,0,0,0,0,0,0,0,0,0,0,0,0,0,0,0
C2059321190,320,0,1,0,0,0,0,0,0,0,0,0,0,0,0,1
C2059322105,321,0,0,0,0,0,0,0,0,0,0,0,0,0,0,0
C2059326392,322,0,0,0,0,0,0,0,0,0,0,0,0,0,0,0
C2059326210,323,0,0,0,0,0,0,0,0,0,0,0,0,0,0,0
C2059330028,326,0,2,0,0,0,0,0,0,0,0,0,0,0,0,2
C2059336394,327,0,0,0,0,0,0,0,0,0,0,0,0,0,0,0
C2059336949,328,0,0,0,0,0,0,0,0,0,0,0,0,0,0,0
C2059339816,329,0,0,0,0,0,0,0,0,0,0,0,0,0,0,0
C2059347732,331,0,1,0,0,0,0,0,0,0,0,0,0,0,0,1
C2059352504,332,0,2,0,0,0,0,0,0,0,0,0,0,0,0,2
C2059356871,334,0,0,0,0,0,0,0,0,0,0,0,0,0,0,0
C2059364174,335,0,0,0,0,0,0,0,0,0,0,0,0,0,0,0
C2059365419,336,0,0,0,0,0,0,0,0,0,0,0,0,0,0,0
C2059366267,337,0,2,0,0,0,0,0,0,0,0,0,0,0,0,2
C2059370124,338,0,0,0,0,0,0,0,0,0,0,0,0,0,0,0
C2059371056,340,3,6,0,0,0,0,3,0,0,0,0,0,0,0,3
C2059375829,341,0,0,0,0,0,0,0,0,0,0,0,0,0,0,0
C2059376600,342,0,1,0,0,0,0,0,0,0,0,0,0,0,0,1
C2059378712,343,0,0,0,0,0,0,0,0,0,0,0,0,0,0,0
C2059383652,344,0,1,0,0,0,0,0,0,0,0,0,0,1,0,0
C2059386292,345,0,1,0,0,0,0,0,0,0,0,0,0,0,0,1
C2059357127,346,0,0,0,0,0,0,0,0,0,0,0,0,0,0,0
C2059386947,347,0,0,0,0,0,0,0,0,0,0,0,0,0,0,0
C2059385832,348,0,0,0,0,0,0,0,0,0,0,0,0,0,0,0
C2059390025,349,0,2,0,0,0,0,0,0,0,0,0,0,0,0,2
C2059393638,351,0,0,0,0,0,0,0,0,0,0,0,0,0,0,0
C2059395301,352,0,0,0,0,0,0,0,0,0,0,0,0,0,0,0
C2059394626,353,0,0,0,0,0,0,0,0,0,0,0,0,0,0,0
C2059396863,354,0,0,0,0,0,0,0,0,0,0,0,0,0,0,0
C2059397380,355,0,0,0,0,0,0,0,0,0,0,0,0,0,0,0
C2059398787,356,3,3,0,3,0,0,0,0,0,0,0,0,0,0,0
C2059400372,357,0,0,0,0,0,0,0,0,0,0,0,0,0,0,0
C2059402753,358,0,0,0,0,0,0,0,0,0,0,0,0,0,0,0
C2059407513,359,3,3,0,3,0,0,0,0,0,0,0,0,0,0,0
C2059409498,360,0,0,0,0,0,0,0,0,0,0,0,0,0,0,0
C2059409264,361,0,0,0,0,0,0,0,0,0,0,0,0,0,0,0
C2059411955,363,0,0,0,0,0,0,0,0,0,0,0,0,0,0,0
C2059413408,364,0,0,0,0,0,0,0,0,0,0,0,0,0,0,0
C2059419995,365,0,0,0,0,0,0,0,0,0,0,0,0,0,0,0
C2059421331,366,0,0,0,0,0,0,0,0,0,0,0,0,0,0,0
C2059419114,367,0,2,0,0,0,0,0,0,0,0,0,0,0,0,2
C2059421310,368,0,0,0,0,0,0,0,0,0,0,0,0,0,0,0
C2059421901,369,0,0,0,0,0,0,0,0,0,0,0,0,0,0,0
C2059428029,370,0,0,0,0,0,0,0,0,0,0,0,0,0,0,0
C2059428308,371,0,0,0,0,0,0,0,0,0,0,0,0,0,0,0
C2059440269,372,0,0,0,0,0,0,0,0,0,0,0,0,0,0,0
C2059455371,373,0,0,0,0,0,0,0,0,0,0,0,0,0,0,0
C2059458733,374,0,0,0,0,0,0,0,0,0,0,0,0,0,0,0
C2059466411,375,0,0,0,0,0,0,0,0,0,0,0,0,0,0,0
C2059471353,376,0,1,0,0,0,0,0,0,0,0,0,0,0,0,1
C2059473763,377,0,0,0,0,0,0,0,0,0,0,0,0,0,0,0
C2059473021,378,0,0,0,0,0,0,0,0,0,0,0,0,0,0,0
C2059475033,379,0,1,0,0,0,0,0,0,0,0,0,0,0,0,1
C2059475088,380,0,0,0,0,0,0,0,0,0,0,0,0,0,0,0
C2059479366,381,0,1,0,0,0,0,0,0,0,0,0,0,0,0,1
1164743365,382,0,0,0,0,0,0,0,0,0,0,0,0,0,0,0
C2059482351,383,0,0,0,0,0,0,0,0,0,0,0,0,0,0,0
C2059482947,384,0,2,0,0,0,0,0,0,0,0,0,0,0,0,2
C2059485797,386,0,2,0,0,0,0,0,0,0,0,0,0,0,0,2
C2059487384,387,0,0,0,0,0,0,0,0,0,0,0,0,0,0,0
C2059499354,388,0,0,0,0,0,0,0,0,0,0,0,0,0,0,0
C2059511299,389,3,7,0,0,0,0,3,0,0,0,0,0,0,0,4
C2059522773,390,0,3,0,0,0,0,0,0,0,0,0,0,0,0,3
C2059540986,391,0,0,0,0,0,0,0,0,0,0,0,0,0,0,0
C2059538390,392,0,0,0,0,0,0,0,0,0,0,0,0,0,0,0
C2059546859,393,0,1,0,0,0,0,0,0,0,0,0,0,0,1,0
C2059550681,394,3,3,0,0,0,0,3,0,0,0,0,0,0,0,0
C2059552199,395,0,0,0,0,0,0,0,0,0,0,0,0,0,0,0
C2059558657,396,0,0,0,0,0,0,0,0,0,0,0,0,0,0,0
C2059573191,398,3,3,0,0,0,3,0,0,0,0,0,0,0,0,0
C2059578278,399,0,1,0,0,0,0,0,0,0,0,0,0,1,0,0
C2059607766,400,0,0,0,0,0,0,0,0,0,0,0,0,0,0,0
C2059641871,401,0,0,0,0,0,0,0,0,0,0,0,0,0,0,0
C2059647902,402,0,0,0,0,0,0,0,0,0,0,0,0,0,0,0
C2059658314,403,0,0,0,0,0,0,0,0,0,0,0,0,0,0,0
C2059658783,404,0,0,0,0,0,0,0,0,0,0,0,0,0,0,0
C2059665492,405,0,0,0,0,0,0,0,0,0,0,0,0,0,0,0
C2059670849,406,0,0,0,0,0,0,0,0,0,0,0,0,0,0,0
C2059684526,407,0,0,0,0,0,0,0,0,0,0,0,0,0,0,0
C2059686424,408,0,0,0,0,0,0,0,0,0,0,0,0,0,0,0
C2059686441,409,0,0,0,0,0,0,0,0,0,0,0,0,0,0,0
C2059695326,410,0,1,0,0,0,0,0,0,0,0,0,0,0,0,1
C2059699379,411,0,0,0,0,0,0,0,0,0,0,0,0,0,0,0
C2059703128,412,0,1,0,0,0,0,0,0,0,0,0,0,0,0,1
C2059703620,413,0,0,0,0,0,0,0,0,0,0,0,0,0,0,0
C2059715751,414,0,0,0,0,0,0,0,0,0,0,0,0,0,0,0
C2059722541,415,0,0,0,0,0,0,0,0,0,0,0,0,0,0,0
C2059724534,416,0,0,0,0,0,0,0,0,0,0,0,0,0,0,0
C2059725051,417,0,2,0,0,0,0,0,0,0,0,0,0,0,0,2
C2059726144,418,0,0,0,0,0,0,0,0,0,0,0,0,0,0,0
C2059730178,419,0,2,0,0,0,0,0,0,0,0,0,0,0,0,2
C2059730575,420,0,0,0,0,0,0,0,0,0,0,0,0,0,0,0
C2059732863,421,0,0,0,0,0,0,0,0,0,0,0,0,0,0,0
C2059723963,422,0,0,0,0,0,0,0,0,0,0,0,0,0,0,0
C2059734809,423,0,0,0,0,0,0,0,0,0,0,0,0,0,0,0
C2059735928,424,0,0,0,0,0,0,0,0,0,0,0,0,0,0,0
C2059736965,425,4,4,0,3,0,0,0,0,0,0,0,1,0,0,0
C2059738382,426,0,0,0,0,0,0,0,0,0,0,0,0,0,0,0
C2059740599,427,3,3,0,0,0,3,0,0,0,0,0,0,0,0,0
C2059741339,428,3,3,0,3,0,0,0,0,0,0,0,0,0,0,0
C2059741007,429,0,0,0,0,0,0,0,0,0,0,0,0,0,0,0
C2059743351,430,0,0,0,0,0,0,0,0,0,0,0,0,0,0,0
C2059743636,431,0,1,0,0,0,0,0,0,0,0,0,0,0,1,0
C2059746028,432,0,0,0,0,0,0,0,0,0,0,0,0,0,0,0
C2059748281,434,1,1,0,0,0,0,0,0,1,0,0,0,0,0,0
C2059752386,435,0,0,0,0,0,0,0,0,0,0,0,0,0,0,0
C2059757721,436,0,0,0,0,0,0,0,0,0,0,0,0,0,0,0
C2059759332,437,0,0,0,0,0,0,0,0,0,0,0,0,0,0,0
C2059758579,438,0,0,0,0,0,0,0,0,0,0,0,0,0,0,0
C2059731048,439,0,0,0,0,0,0,0,0,0,0,0,0,0,0,0
C2059760511,440,0,0,0,0,0,0,0,0,0,0,0,0,0,0,0
C2059762710,441,0,0,0,0,0,0,0,0,0,0,0,0,0,0,0
C2059762964,442,0,2,0,0,0,0,0,0,0,0,0,0,1,0,1
C2059764916,443,0,0,0,0,0,0,0,0,0,0,0,0,0,0,0
1056716859,444,3,3,0,0,0,0,0,3,0,0,0,0,0,0,0
C2059765180,445,0,0,0,0,0,0,0,0,0,0,0,0,0,0,0
C2059766263,446,0,0,0,0,0,0,0,0,0,0,0,0,0,0,0
C2059767369,447,0,0,0,0,0,0,0,0,0,0,0,0,0,0,0
C2059771346,448,0,1,0,0,0,0,0,0,0,0,0,0,0,0,1
C2059776929,449,0,0,0,0,0,0,0,0,0,0,0,0,0,0,0
C2059781793,451,0,0,0,0,0,0,0,0,0,0,0,0,0,0,0
C2059787362,452,0,0,0,0,0,0,0,0,0,0,0,0,0,0,0
C2059788607,453,0,0,0,0,0,0,0,0,0,0,0,0,0,0,0
C2059801516,455,0,0,0,0,0,0,0,0,0,0,0,0,0,0,0
C2059806278,456,0,0,0,0,0,0,0,0,0,0,0,0,0,0,0
C2059807491,457,0,0,0,0,0,0,0,0,0,0,0,0,0,0,0
C2059807319,458,0,1,0,0,0,0,0,0,0,0,0,0,0,0,1
C2059808329,459,3,3,0,0,0,0,3,0,0,0,0,0,0,0,0
C2059816073,461,0,0,0,0,0,0,0,0,0,0,0,0,0,0,0
C2059822732,462,0,1,0,0,0,0,0,0,0,0,0,0,0,0,1
C2059823871,463,0,0,0,0,0,0,0,0,0,0,0,0,0,0,0
1181186163,464,0,0,0,0,0,0,0,0,0,0,0,0,0,0,0
C2059833233,465,0,0,0,0,0,0,0,0,0,0,0,0,0,0,0
C2059835242,466,0,0,0,0,0,0,0,0,0,0,0,0,0,0,0
C2059843393,467,3,3,0,0,0,0,0,3,0,0,0,0,0,0,0
C2059847256,468,0,0,0,0,0,0,0,0,0,0,0,0,0,0,0
C2059854590,469,0,0,0,0,0,0,0,0,0,0,0,0,0,0,0
C2059856079,470,0,0,0,0,0,0,0,0,0,0,0,0,0,0,0
C2059860882,471,0,0,0,0,0,0,0,0,0,0,0,0,0,0,0
C2059861131,472,0,0,0,0,0,0,0,0,0,0,0,0,0,0,0
C2059867721,473,0,0,0,0,0,0,0,0,0,0,0,0,0,0,0
C2059873670,474,0,0,0,0,0,0,0,0,0,0,0,0,0,0,0
C2059878596,475,0,0,0,0,0,0,0,0,0,0,0,0,0,0,0
C2059877419,476,0,0,0,0,0,0,0,0,0,0,0,0,0,0,0
C2059878633,477,0,0,0,0,0,0,0,0,0,0,0,0,0,0,0
C2059883344,478,0,1,0,0,0,0,0,0,0,0,0,0,0,0,1
C2059884555,479,3,3,0,3,0,0,0,0,0,0,0,0,0,0,0
C2059889844,480,0,0,0,0,0,0,0,0,0,0,0,0,0,0,0
C2059891759,481,0,0,0,0,0,0,0,0,0,0,0,0,0,0,0
C2059893285,482,0,0,0,0,0,0,0,0,0,0,0,0,0,0,0
C2059895333,483,0,4,0,0,0,0,0,0,0,0,0,0,0,0,4
C2059895019,484,0,0,0,0,0,0,0,0,0,0,0,0,0,0,0
C2059896498,485,6,10,0,3,0,0,3,0,0,0,0,0,1,0,3
C2059896181,486,0,0,0,0,0,0,0,0,0,0,0,0,0,0,0
C2059901974,487,0,0,0,0,0,0,0,0,0,0,0,0,0,0,0
C2059902330,488,0,0,0,0,0,0,0,0,0,0,0,0,0,0,0
C2059902732,489,0,2,0,0,0,0,0,0,0,0,0,0,0,0,2
1184636717,490,0,0,0,0,0,0,0,0,0,0,0,0,0,0,0
C2059908746,492,0,0,0,0,0,0,0,0,0,0,0,0,0,0,0
C2059914259,494,0,0,0,0,0,0,0,0,0,0,0,0,0,0,0
C2059917789,495,0,0,0,0,0,0,0,0,0,0,0,0,0,0,0
C2059920087,496,0,0,0,0,0,0,0,0,0,0,0,0,0,0,0
C2059919280,497,0,1,0,0,0,0,0,0,0,0,0,0,0,0,1
C2059923670,498,0,0,0,0,0,0,0,0,0,0,0,0,0,0,0
C2059926772,499,0,4,0,0,0,0,0,0,0,0,0,0,0,0,4
C2059928596,500,0,1,0,0,0,0,0,0,0,0,0,0,1,0,0
C2059930903,501,0,0,0,0,0,0,0,0,0,0,0,0,0,0,0
C2059930349,502,0,1,0,0,0,0,0,0,0,0,0,0,0,1,0
C2059940034,503,0,0,0,0,0,0,0,0,0,0,0,0,0,0,0
C2059940616,504,0,1,0,0,0,0,0,0,0,0,0,0,0,0,1
C2059946333,505,0,0,0,0,0,0,0,0,0,0,0,0,0,0,0
1028220500,506,0,0,0,0,0,0,0,0,0,0,0,0,0,0,0
1090290674,507,3,3,0,0,0,0,0,3,0,0,0,0,0,0,0
C2059957647,508,0,5,0,0,0,0,0,0,0,0,0,0,1,0,4
C2059957295,509,0,0,0,0,0,0,0,0,0,0,0,0,0,0,0
C2059957953,510,0,0,0,0,0,0,0,0,0,0,0,0,0,0,0
1113637428,511,0,1,0,0,0,0,0,0,0,0,0,0,0,0,1
C2059969577,512,3,3,0,0,0,0,3,0,0,0,0,0,0,0,0
C2059969710,513,3,3,0,3,0,0,0,0,0,0,0,0,0,0,0
C2059975262,514,0,0,0,0,0,0,0,0,0,0,0,0,0,0,0
C2059977497,515,0,0,0,0,0,0,0,0,0,0,0,0,0,0,0
C2059984893,517,0,0,0,0,0,0,0,0,0,0,0,0,0,0,0
C2059987337,518,0,0,0,0,0,0,0,0,0,0,0,0,0,0,0
C2060007391,520,0,0,0,0,0,0,0,0,0,0,0,0,0,0,0
C2060015816,521,0,0,0,0,0,0,0,0,0,0,0,0,0,0,0
1132981465,523,0,0,0,0,0,0,0,0,0,0,0,0,0,0,0
C2060026351,525,3,3,0,3,0,0,0,0,0,0,0,0,0,0,0
C2060027983,526,0,0,0,0,0,0,0,0,0,0,0,0,0,0,0
C2060036681,527,0,0,0,0,0,0,0,0,0,0,0,0,0,0,0
C2060035379,528,0,0,0,0,0,0,0,0,0,0,0,0,0,0,0
C2060049300,529,3,3,0,0,0,0,3,0,0,0,0,0,0,0,0
C2060046297,530,0,0,0,0,0,0,0,0,0,0,0,0,0,0,0
C2060060448,531,0,0,0,0,0,0,0,0,0,0,0,0,0,0,0
C2060064165,532,0,1,0,0,0,0,0,0,0,0,0,0,0,1,0
C2060065629,533,3,3,0,3,0,0,0,0,0,0,0,0,0,0,0
C2060065984,534,0,0,0,0,0,0,0,0,0,0,0,0,0,0,0
C2060066273,535,0,0,0,0,0,0,0,0,0,0,0,0,0,0,0
1163243662,536,0,0,0,0,0,0,0,0,0,0,0,0,0,0,0
C2059843393,537,3,3,0,0,0,0,0,3,0,0,0,0,0,0,0
C2060069410,538,0,0,0,0,0,0,0,0,0,0,0,0,0,0,0
C2060073398,539,0,0,0,0,0,0,0,0,0,0,0,0,0,0,0
C2060073657,540,0,0,0,0,0,0,0,0,0,0,0,0,0,0,0
C2060074182,541,0,0,0,0,0,0,0,0,0,0,0,0,0,0,0
1167690549,542,0,1,0,0,0,0,0,0,0,0,0,0,0,0,1
C2060081980,543,0,0,0,0,0,0,0,0,0,0,0,0,0,0,0
C2060084712,544,0,0,0,0,0,0,0,0,0,0,0,0,0,0,0
C2060085424,545,3,3,0,0,0,3,0,0,0,0,0,0,0,0,0
C2060086528,546,3,5,0,0,0,0,3,0,0,0,0,0,0,0,2
C2060089124,547,0,0,0,0,0,0,0,0,0,0,0,0,0,0,0
C2060093822,548,0,0,0,0,0,0,0,0,0,0,0,0,0,0,0
C2060094978,549,0,4,0,0,0,0,0,0,0,0,0,0,1,0,3
C2060096663,550,0,0,0,0,0,0,0,0,0,0,0,0,0,0,0
C2060097897,551,0,2,0,0,0,0,0,0,0,0,0,0,0,1,1
C2060072383,552,0,0,0,0,0,0,0,0,0,0,0,0,0,0,0
C2060105200,553,0,0,0,0,0,0,0,0,0,0,0,0,0,0,0
1134837748,554,0,0,0,0,0,0,0,0,0,0,0,0,0,0,0
C2060108131,555,0,1,0,0,0,0,0,0,0,0,0,0,0,0,1
C2060120447,557,0,0,0,0,0,0,0,0,0,0,0,0,0,0,0
C2060120170,558,0,1,0,0,0,0,0,0,0,0,0,0,0,0,1
C2060133557,560,0,0,0,0,0,0,0,0,0,0,0,0,0,0,0
C2060136710,561,0,0,0,0,0,0,0,0,0,0,0,0,0,0,0
C2060160905,564,0,0,0,0,0,0,0,0,0,0,0,0,0,0,0
C2060167828,565,0,0,0,0,0,0,0,0,0,0,0,0,0,0,0
C2060193532,566,0,0,0,0,0,0,0,0,0,0,0,0,0,0,0
C2060228111,567,3,3,0,3,0,0,0,0,0,0,0,0,0,0,0
C2060307029,568,3,3,0,0,0,0,3,0,0,0,0,0,0,0,0
C2060312895,569,0,1,0,0,0,0,0,0,0,0,0,0,0,1,0
C2060314227,570,3,4,0,0,0,0,3,0,0,0,0,0,0,0,1
C2060316284,571,0,0,0,0,0,0,0,0,0,0,0,0,0,0,0
C2060317512,572,0,0,0,0,0,0,0,0,0,0,0,0,0,0,0
C2060333213,573,3,3,0,0,0,3,0,0,0,0,0,0,0,0,0
C2060342363,574,0,0,0,0,0,0,0,0,0,0,0,0,0,0,0
C2060346351,575,0,0,0,0,0,0,0,0,0,0,0,0,0,0,0
C2060369083,576,0,0,0,0,0,0,0,0,0,0,0,0,0,0,0
C2060368300,577,0,0,0,0,0,0,0,0,0,0,0,0,0,0,0
C2060375505,578,0,0,0,0,0,0,0,0,0,0,0,0,0,0,0
1184357874,579,3,4,0,0,0,0,3,0,0,0,0,0,0,0,1
C2060385021,581,0,1,0,0,0,0,0,0,0,0,0,0,0,1,0
C2060385829,582,0,0,0,0,0,0,0,0,0,0,0,0,0,0,0
C2060391129,583,0,1,0,0,0,0,0,0,0,0,0,0,0,0,1
C2060392383,584,0,0,0,0,0,0,0,0,0,0,0,0,0,0,0
C2060397161,585,0,0,0,0,0,0,0,0,0,0,0,0,0,0,0
C2060411707,586,3,3,0,0,0,3,0,0,0,0,0,0,0,0,0
C2060410456,587,0,0,0,0,0,0,0,0,0,0,0,0,0,0,0
C2060414097,588,0,0,0,0,0,0,0,0,0,0,0,0,0,0,0
C2060420710,589,0,0,0,0,0,0,0,0,0,0,0,0,0,0,0
C2060405758,590,0,0,0,0,0,0,0,0,0,0,0,0,0,0,0
C2060438929,591,0,0,0,0,0,0,0,0,0,0,0,0,0,0,0
C2060458134,592,0,0,0,0,0,0,0,0,0,0,0,0,0,0,0
1101807390,593,0,0,0,0,0,0,0,0,0,0,0,0,0,0,0
C2060459887,594,0,0,0,0,0,0,0,0,0,0,0,0,0,0,0
C2060463467,595,0,0,0,0,0,0,0,0,0,0,0,0,0,0,0
C2060467612,596,0,0,0,0,0,0,0,0,0,0,0,0,0,0,0
C2060476118,597,0,3,0,0,0,0,0,0,0,0,0,0,0,0,3
C2060476978,598,0,0,0,0,0,0,0,0,0,0,0,0,0,0,0
C2060484774,599,0,0,0,0,0,0,0,0,0,0,0,0,0,0,0
C2060510489,602,0,0,0,0,0,0,0,0,0,0,0,0,0,0,0
C2060510571,603,0,0,0,0,0,0,0,0,0,0,0,0,0,0,0
C2060526054,604,0,0,0,0,0,0,0,0,0,0,0,0,0,0,0
C2060541352,605,0,0,0,0,0,0,0,0,0,0,0,0,0,0,0
C2060543003,606,0,0,0,0,0,0,0,0,0,0,0,0,0,0,0
C2060545032,607,0,0,0,0,0,0,0,0,0,0,0,0,0,0,0
1102277572,608,0,0,0,0,0,0,0,0,0,0,0,0,0,0,0
C2060549594,610,0,0,0,0,0,0,0,0,0,0,0,0,0,0,0
C2060556575,611,0,0,0,0,0,0,0,0,0,0,0,0,0,0,0
1003534422,612,3,3,0,0,0,0,0,3,0,0,0,0,0,0,0
1003534422,613,3,3,0,0,0,0,0,3,0,0,0,0,0,0,0
C2060582440,614,3,3,0,3,0,0,0,0,0,0,0,0,0,0,0
C2060586255,615,0,0,0,0,0,0,0,0,0,0,0,0,0,0,0
C2060585654,616,0,0,0,0,0,0,0,0,0,0,0,0,0,0,0
C2060595931,617,4,7,0,0,0,0,3,0,1,0,0,0,0,0,3
C2060604354,618,3,3,0,0,0,0,3,0,0,0,0,0,0,0,0
1189708813,619,0,0,0,0,0,0,0,0,0,0,0,0,0,0,0
C2060612481,621,0,0,0,0,0,0,0,0,0,0,0,0,0,0,0
C2060622294,622,0,0,0,0,0,0,0,0,0,0,0,0,0,0,0
C2060626771,623,0,0,0,0,0,0,0,0,0,0,0,0,0,0,0
C2060628748,624,3,3,0,0,0,0,3,0,0,0,0,0,0,0,0
1183597486,625,0,0,0,0,0,0,0,0,0,0,0,0,0,0,0
C2060629988,626,0,0,0,0,0,0,0,0,0,0,0,0,0,0,0
C2060614393,627,0,0,0,0,0,0,0,0,0,0,0,0,0,0,0
C2060645549,628,0,0,0,0,0,0,0,0,0,0,0,0,0,0,0
C2060646682,629,0,2,0,0,0,0,0,0,0,0,0,0,0,0,2
C2060648801,630,0,0,0,0,0,0,0,0,0,0,0,0,0,0,0
C2060648786,631,0,0,0,0,0,0,0,0,0,0,0,0,0,0,0
C2060644206,632,0,0,0,0,0,0,0,0,0,0,0,0,0,0,0
C2060714993,633,3,7,0,0,0,0,3,0,0,0,0,0,2,0,2
C2060805248,634,0,0,0,0,0,0,0,0,0,0,0,0,0,0,0
C2060873837,635,0,0,0,0,0,0,0,0,0,0,0,0,0,0,0
1133270366,636,0,0,0,0,0,0,0,0,0,0,0,0,0,0,0
C2061052758,637,0,0,0,0,0,0,0,0,0,0,0,0,0,0,0
C2061052596,638,3,3,0,0,0,3,0,0,0,0,0,0,0,0,0
C2061054786,639,0,0,0,0,0,0,0,0,0,0,0,0,0,0,0
C2061055416,640,0,3,0,0,0,0,0,0,0,0,0,0,1,0,2
C2061067275,641,0,0,0,0,0,0,0,0,0,0,0,0,0,0,0
C2061065084,642,3,3,0,3,0,0,0,0,0,0,0,0,0,0,0
C2061068801,643,0,0,0,0,0,0,0,0,0,0,0,0,0,0,0
C2061072888,644,0,1,0,0,0,0,0,0,0,0,0,0,0,0,1
C2061073928,645,0,0,0,0,0,0,0,0,0,0,0,0,0,0,0
C2061074505,646,0,0,0,0,0,0,0,0,0,0,0,0,0,0,0
C2061073878,647,4,7,0,0,0,0,3,0,1,0,0,0,3,0,0
C2061075674,648,0,0,0,0,0,0,0,0,0,0,0,0,0,0,0
1090290674,649,3,3,0,0,0,0,0,3,0,0,0,0,0,0,0
C2061078027,650,6,6,0,3,0,0,0,3,0,0,0,0,0,0,0
C2061086648,651,0,1,0,0,0,0,0,0,0,0,0,0,0,0,1
C2061090218,652,0,0,0,0,0,0,0,0,0,0,0,0,0,0,0
C2061096830,653,0,1,0,0,0,0,0,0,0,0,0,0,1,0,0
C2061101026,654,3,3,0,0,0,0,3,0,0,0,0,0,0,0,0
C2061100769,655,0,0,0,0,0,0,0,0,0,0,0,0,0,0,0
C2061104844,656,0,0,0,0,0,0,0,0,0,0,0,0,0,0,0
C2061104208,657,0,0,0,0,0,0,0,0,0,0,0,0,0,0,0
C2061106369,658,3,3,0,0,0,3,0,0,0,0,0,0,0,0,0
C2061110926,659,0,0,0,0,0,0,0,0,0,0,0,0,0,0,0
C2061111301,660,0,2,0,0,0,0,0,0,0,0,0,0,0,0,2
C2061117609,661,0,0,0,0,0,0,0,0,0,0,0,0,0,0,0
C2061118235,662,0,0,0,0,0,0,0,0,0,0,0,0,0,0,0
C2061126688,663,0,0,0,0,0,0,0,0,0,0,0,0,0,0,0
C2061126237,664,0,0,0,0,0,0,0,0,0,0,0,0,0,0,0
C2061128311,665,0,1,0,0,0,0,0,0,0,0,0,0,0,0,1
C2061137682,666,0,2,0,0,0,0,0,0,0,0,0,0,1,0,1
C2061140981,667,3,3,0,0,0,0,3,0,0,0,0,0,0,0,0
C2061070740,668,0,0,0,0,0,0,0,0,0,0,0,0,0,0,0
C2061154601,669,0,1,0,0,0,0,0,0,0,0,0,0,0,0,1
C2061151916,670,3,3,0,3,0,0,0,0,0,0,0,0,0,0,0
C2061158809,671,0,0,0,0,0,0,0,0,0,0,0,0,0,0,0
C2061160499,672,0,0,0,0,0,0,0,0,0,0,0,0,0,0,0
C2061161001,673,6,7,3,0,0,0,3,0,0,0,0,0,0,1,0
C2061164639,674,3,3,0,0,0,3,0,0,0,0,0,0,0,0,0
C2061165577,675,0,0,0,0,0,0,0,0,0,0,0,0,0,0,0
C2061171241,676,0,0,0,0,0,0,0,0,0,0,0,0,0,0,0
C2061184972,677,0,0,0,0,0,0,0,0,0,0,0,0,0,0,0
C2061185907,678,0,0,0,0,0,0,0,0,0,0,0,0,0,0,0
C2061188098,679,0,0,0,0,0,0,0,0,0,0,0,0,0,0,0
C2061195110,680,0,0,0,0,0,0,0,0,0,0,0,0,0,0,0
C2061194400,681,0,1,0,0,0,0,0,0,0,0,0,0,1,0,0
C2061200088,682,0,0,0,0,0,0,0,0,0,0,0,0,0,0,0
C2061202069,683,0,0,0,0,0,0,0,0,0,0,0,0,0,0,0
C2061204784,684,0,2,0,0,0,0,0,0,0,0,0,0,0,0,2
C2061217992,685,3,4,0,3,0,0,0,0,0,0,0,0,0,0,1
C2061221295,686,0,0,0,0,0,0,0,0,0,0,0,0,0,0,0
C2061228374,687,3,4,0,0,0,0,3,0,0,0,0,0,1,0,0
C2061229612,688,0,0,0,0,0,0,0,0,0,0,0,0,0,0,0
C2061231034,689,0,0,0,0,0,0,0,0,0,0,0,0,0,0,0
C2061231060,690,0,0,0,0,0,0,0,0,0,0,0,0,0,0,0
C2061243119,691,0,0,0,0,0,0,0,0,0,0,0,0,0,0,0
C2061245030,692,0,0,0,0,0,0,0,0,0,0,0,0,0,0,0
C2061249969,693,0,3,0,0,0,0,0,0,0,0,0,0,3,0,0
C2061250818,694,3,3,0,0,0,3,0,0,0,0,0,0,0,0,0
C2061256966,695,0,2,0,0,0,0,0,0,0,0,0,0,0,0,2
C2061259836,696,0,1,0,0,0,0,0,0,0,0,0,0,0,0,1
C2061261086,697,0,0,0,0,0,0,0,0,0,0,0,0,0,0,0
C2061267177,698,0,0,0,0,0,0,0,0,0,0,0,0,0,0,0
C2061270039,699,0,1,0,0,0,0,0,0,0,0,0,0,0,0,1
C2061269482,700,0,0,0,0,0,0,0,0,0,0,0,0,0,0,0
C2061277305,701,0,0,0,0,0,0,0,0,0,0,0,0,0,0,0
C2061279218,702,0,1,0,0,0,0,0,0,0,0,0,0,1,0,0
C2061285648,703,0,1,0,0,0,0,0,0,0,0,0,0,0,0,1
C2061287019,704,0,2,0,0,0,0,0,0,0,0,0,0,0,0,2
C2061288073,705,0,0,0,0,0,0,0,0,0,0,0,0,0,0,0
C2061295485,706,0,0,0,0,0,0,0,0,0,0,0,0,0,0,0
C2061312949,707,0,0,0,0,0,0,0,0,0,0,0,0,0,0,0
C2061314774,708,0,0,0,0,0,0,0,0,0,0,0,0,0,0,0
C2061315984,709,0,0,0,0,0,0,0,0,0,0,0,0,0,0,0
C2061317936,710,0,0,0,0,0,0,0,0,0,0,0,0,0,0,0
C2061321541,711,0,3,0,0,0,0,0,0,0,0,0,0,0,1,2
1155645692,712,0,0,0,0,0,0,0,0,0,0,0,0,0,0,0
C2061327080,713,0,0,0,0,0,0,0,0,0,0,0,0,0,0,0
C2061328118,714,0,0,0,0,0,0,0,0,0,0,0,0,0,0,0
C2061337072,715,0,0,0,0,0,0,0,0,0,0,0,0,0,0,0
C2061339932,716,0,0,0,0,0,0,0,0,0,0,0,0,0,0,0
C2061344200,717,0,5,0,0,0,0,0,0,0,0,0,0,0,2,3
C2061350666,719,0,0,0,0,0,0,0,0,0,0,0,0,0,0,0
C2061352110,720,0,0,0,0,0,0,0,0,0,0,0,0,0,0,0
C2061353226,721,0,0,0,0,0,0,0,0,0,0,0,0,0,0,0
C2061352646,722,3,6,0,0,0,0,3,0,0,0,0,0,0,0,3
C2061357525,723,0,1,0,0,0,0,0,0,0,0,0,0,0,0,1
C2061361937,724,0,0,0,0,0,0,0,0,0,0,0,0,0,0,0
C2061366360,725,0,2,0,0,0,0,0,0,0,0,0,0,0,0,2
C2061367467,726,0,0,0,0,0,0,0,0,0,0,0,0,0,0,0
C2061368879,727,0,0,0,0,0,0,0,0,0,0,0,0,0,0,0
C2061368563,728,0,1,0,0,0,0,0,0,0,0,0,0,0,0,1
C2061368845,729,0,0,0,0,0,0,0,0,0,0,0,0,0,0,0
C2061375592,730,0,0,0,0,0,0,0,0,0,0,0,0,0,0,0
C2061377929,731,0,0,0,0,0,0,0,0,0,0,0,0,0,0,0
C2061378741,732,0,0,0,0,0,0,0,0,0,0,0,0,0,0,0
C2061379377,733,0,0,0,0,0,0,0,0,0,0,0,0,0,0,0
C2061385637,734,0,0,0,0,0,0,0,0,0,0,0,0,0,0,0
C2061382552,736,0,0,0,0,0,0,0,0,0,0,0,0,0,0,0
C2061392314,737,0,0,0,0,0,0,0,0,0,0,0,0,0,0,0
C2061393237,738,0,0,0,0,0,0,0,0,0,0,0,0,0,0,0
C2061395499,739,0,0,0,0,0,0,0,0,0,0,0,0,0,0,0
C2061396311,740,3,3,0,3,0,0,0,0,0,0,0,0,0,0,0
C2061400663,741,0,0,0,0,0,0,0,0,0,0,0,0,0,0,0
C2061408834,742,0,2,0,0,0,0,0,0,0,0,0,0,0,1,1
C2061410925,743,3,3,0,3,0,0,0,0,0,0,0,0,0,0,0
C2061414299,744,0,0,0,0,0,0,0,0,0,0,0,0,0,0,0
C2061418030,745,0,0,0,0,0,0,0,0,0,0,0,0,0,0,0
C2061420392,746,0,0,0,0,0,0,0,0,0,0,0,0,0,0,0
C2061427831,747,0,0,0,0,0,0,0,0,0,0,0,0,0,0,0
C2061433640,748,0,3,0,0,0,0,0,0,0,0,0,0,0,0,3
C2061441598,749,0,0,0,0,0,0,0,0,0,0,0,0,0,0,0
C2061444246,750,0,1,0,0,0,0,0,0,0,0,0,0,0,0,1
C2061446266,751,0,0,0,0,0,0,0,0,0,0,0,0,0,0,0
1184585350,752,3,3,0,0,0,0,3,0,0,0,0,0,0,0,0
C2061454391,753,3,3,0,3,0,0,0,0,0,0,0,0,0,0,0
C2061458920,754,0,0,0,0,0,0,0,0,0,0,0,0,0,0,0
C2061463622,755,3,3,0,3,0,0,0,0,0,0,0,0,0,0,0
C2061464011,756,0,0,0,0,0,0,0,0,0,0,0,0,0,0,0
C2061464238,757,0,0,0,0,0,0,0,0,0,0,0,0,0,0,0
C2061470437,758,0,0,0,0,0,0,0,0,0,0,0,0,0,0,0
C2061471031,759,0,0,0,0,0,0,0,0,0,0,0,0,0,0,0
C2061473552,760,0,0,0,0,0,0,0,0,0,0,0,0,0,0,0
C2061479726,761,0,0,0,0,0,0,0,0,0,0,0,0,0,0,0
C2061482573,762,0,0,0,0,0,0,0,0,0,0,0,0,0,0,0
C2061483313,763,1,1,0,0,0,0,0,0,0,1,0,0,0,0,0
C2061487449,764,0,1,0,0,0,0,0,0,0,0,0,0,0,0,1
C2061489928,765,0,0,0,0,0,0,0,0,0,0,0,0,0,0,0
C2061498209,766,0,0,0,0,0,0,0,0,0,0,0,0,0,0,0
C2061505409,767,0,0,0,0,0,0,0,0,0,0,0,0,0,0,0
C2061505754,768,0,0,0,0,0,0,0,0,0,0,0,0,0,0,0
C2061509113,769,0,2,0,0,0,0,0,0,0,0,0,0,0,0,2
C2061514275,770,0,0,0,0,0,0,0,0,0,0,0,0,0,0,0
C2061522239,771,0,0,0,0,0,0,0,0,0,0,0,0,0,0,0
C2061534055,773,0,0,0,0,0,0,0,0,0,0,0,0,0,0,0
C2061537232,775,0,1,0,0,0,0,0,0,0,0,0,0,0,0,1
C2061539498,776,0,0,0,0,0,0,0,0,0,0,0,0,0,0,0
C2061555747,777,0,0,0,0,0,0,0,0,0,0,0,0,0,0,0
C2061559380,778,0,0,0,0,0,0,0,0,0,0,0,0,0,0,0
C2061574823,779,0,1,0,0,0,0,0,0,0,0,0,0,0,0,1
C2061581250,780,3,3,0,0,0,0,0,3,0,0,0,0,0,0,0
C2061597994,781,0,1,0,0,0,0,0,0,0,0,0,0,0,0,1
C2061828915,782,0,0,0,0,0,0,0,0,0,0,0,0,0,0,0
C2061829799,783,0,0,0,0,0,0,0,0,0,0,0,0,0,0,0
C2061837318,784,0,0,0,0,0,0,0,0,0,0,0,0,0,0,0
C2061859978,785,0,0,0,0,0,0,0,0,0,0,0,0,0,0,0
1056716859,787,3,3,0,0,0,0,0,3,0,0,0,0,0,0,0
C2061865216,788,0,0,0,0,0,0,0,0,0,0,0,0,0,0,0
C2061879764,789,0,0,0,0,0,0,0,0,0,0,0,0,0,0,0
1189729074,790,0,0,0,0,0,0,0,0,0,0,0,0,0,0,0
C2061916379,791,0,0,0,0,0,0,0,0,0,0,0,0,0,0,0
C2061913834,792,1,1,0,0,0,0,0,0,0,1,0,0,0,0,0
C2061923612,793,0,0,0,0,0,0,0,0,0,0,0,0,0,0,0
C2061925430,794,0,0,0,0,0,0,0,0,0,0,0,0,0,0,0
C2061934210,795,0,0,0,0,0,0,0,0,0,0,0,0,0,0,0
C2061954732,796,0,0,0,0,0,0,0,0,0,0,0,0,0,0,0
C2061953197,797,0,0,0,0,0,0,0,0,0,0,0,0,0,0,0
C2061966654,798,0,0,0,0,0,0,0,0,0,0,0,0,0,0,0
C2061972523,799,0,0,0,0,0,0,0,0,0,0,0,0,0,0,0
C2062094928,800,0,0,0,0,0,0,0,0,0,0,0,0,0,0,0
C2062120381,801,0,0,0,0,0,0,0,0,0,0,0,0,0,0,0
C2062142703,802,0,0,0,0,0,0,0,0,0,0,0,0,0,0,0
C2062144341,803,3,3,0,0,0,0,3,0,0,0,0,0,0,0,0
C2062160222,805,0,1,0,0,0,0,0,0,0,0,0,0,0,0,1
C2062174028,807,0,1,0,0,0,0,0,0,0,0,0,0,0,0,1
C2062178341,808,0,0,0,0,0,0,0,0,0,0,0,0,0,0,0
C2062176920,809,3,3,0,0,0,0,3,0,0,0,0,0,0,0,0
C2062191974,810,3,7,0,3,0,0,0,0,0,0,0,0,0,4,0
C2062205076,811,0,0,0,0,0,0,0,0,0,0,0,0,0,0,0
C2062207499,812,0,0,0,0,0,0,0,0,0,0,0,0,0,0,0
C2062217522,813,3,3,0,0,0,0,3,0,0,0,0,0,0,0,0
C2062169491,814,0,1,0,0,0,0,0,0,0,0,0,0,0,0,1
C2062222336,815,0,0,0,0,0,0,0,0,0,0,0,0,0,0,0
C2062226750,816,3,3,0,3,0,0,0,0,0,0,0,0,0,0,0
C2062263522,817,0,2,0,0,0,0,0,0,0,0,0,0,0,0,2
C2062273858,819,0,1,0,0,0,0,0,0,0,0,0,0,0,0,1
C2062281680,822,3,3,0,0,0,0,3,0,0,0,0,0,0,0,0
C2062281372,823,0,0,0,0,0,0,0,0,0,0,0,0,0,0,0
C2062282803,824,0,0,0,0,0,0,0,0,0,0,0,0,0,0,0
C2062293730,826,0,0,0,0,0,0,0,0,0,0,0,0,0,0,0
C2062296103,827,0,0,0,0,0,0,0,0,0,0,0,0,0,0,0
C2062307059,828,0,0,0,0,0,0,0,0,0,0,0,0,0,0,0
C2062311309,829,0,1,0,0,0,0,0,0,0,0,0,0,0,0,1
C2062321067,830,0,0,0,0,0,0,0,0,0,0,0,0,0,0,0
C2062324006,831,0,1,0,0,0,0,0,0,0,0,0,0,0,0,1
C2062325793,832,0,0,0,0,0,0,0,0,0,0,0,0,0,0,0
C2062334930,833,0,0,0,0,0,0,0,0,0,0,0,0,0,0,0
C2062335392,834,0,0,0,0,0,0,0,0,0,0,0,0,0,0,0
C2062334550,835,3,3,0,0,0,0,3,0,0,0,0,0,0,0,0
C2062336135,836,0,0,0,0,0,0,0,0,0,0,0,0,0,0,0
C2062338403,837,0,0,0,0,0,0,0,0,0,0,0,0,0,0,0
C2062340586,838,0,0,0,0,0,0,0,0,0,0,0,0,0,0,0
C2062345232,841,0,0,0,0,0,0,0,0,0,0,0,0,0,0,0
C2062340848,842,0,0,0,0,0,0,0,0,0,0,0,0,0,0,0
C2062352809,843,0,0,0,0,0,0,0,0,0,0,0,0,0,0,0
C2062366338,845,0,0,0,0,0,0,0,0,0,0,0,0,0,0,0
C2062367744,846,0,0,0,0,0,0,0,0,0,0,0,0,0,0,0
C2062367999,847,0,0,0,0,0,0,0,0,0,0,0,0,0,0,0
C2062373890,848,3,3,0,3,0,0,0,0,0,0,0,0,0,0,0
1003270801,849,0,0,0,0,0,0,0,0,0,0,0,0,0,0,0
C2062381058,850,0,0,0,0,0,0,0,0,0,0,0,0,0,0,0
C2062381708,851,0,0,0,0,0,0,0,0,0,0,0,0,0,0,0
C2062386060,852,0,1,0,0,0,0,0,0,0,0,0,0,0,0,1
C2062390933,854,0,0,0,0,0,0,0,0,0,0,0,0,0,0,0
C2062398034,855,0,1,0,0,0,0,0,0,0,0,0,0,0,0,1
C2062398680,856,0,1,0,0,0,0,0,0,0,0,0,0,1,0,0
C2062425828,857,0,0,0,0,0,0,0,0,0,0,0,0,0,0,0
C2062427901,859,0,0,0,0,0,0,0,0,0,0,0,0,0,0,0
C2062427329,860,0,0,0,0,0,0,0,0,0,0,0,0,0,0,0
C2062432990,861,0,2,0,0,0,0,0,0,0,0,0,0,0,0,2
C2062452417,863,0,0,0,0,0,0,0,0,0,0,0,0,0,0,0
C2062468658,864,0,0,0,0,0,0,0,0,0,0,0,0,0,0,0
1164794798,865,0,0,0,0,0,0,0,0,0,0,0,0,0,0,0
C2062578384,867,0,1,0,0,0,0,0,0,0,0,0,0,1,0,0
C2062588702,868,0,0,0,0,0,0,0,0,0,0,0,0,0,0,0
C2062623519,869,0,0,0,0,0,0,0,0,0,0,0,0,0,0,0
C2062641914,870,3,3,0,3,0,0,0,0,0,0,0,0,0,0,0
C2062667609,871,3,3,0,0,0,3,0,0,0,0,0,0,0,0,0
C2062678377,872,0,0,0,0,0,0,0,0,0,0,0,0,0,0,0
C2062692223,873,0,1,0,0,0,0,0,0,0,0,0,0,0,0,1
C2062717701,874,0,0,0,0,0,0,0,0,0,0,0,0,0,0,0
C2062728676,875,3,4,0,0,0,0,3,0,0,0,0,0,1,0,0
C2062732772,876,0,0,0,0,0,0,0,0,0,0,0,0,0,0,0
C2062775320,877,0,0,0,0,0,0,0,0,0,0,0,0,0,0,0
C2062860466,879,0,2,0,0,0,0,0,0,0,0,0,0,0,0,2
C2062866170,880,0,2,0,0,0,0,0,0,0,0,0,0,0,0,2
C2062914867,881,0,0,0,0,0,0,0,0,0,0,0,0,0,0,0
C2062935743,882,0,1,0,0,0,0,0,0,0,0,0,0,0,0,1
C2062946311,883,0,0,0,0,0,0,0,0,0,0,0,0,0,0,0
C2062947984,884,0,0,0,0,0,0,0,0,0,0,0,0,0,0,0
C2062951541,885,3,7,0,0,0,0,3,0,0,0,0,0,0,4,0
C2062967223,886,0,0,0,0,0,0,0,0,0,0,0,0,0,0,0
C2063063757,887,3,5,0,0,0,0,3,0,0,0,0,0,2,0,0
C2063094654,888,0,0,0,0,0,0,0,0,0,0,0,0,0,0,0
C2063118082,889,0,0,0,0,0,0,0,0,0,0,0,0,0,0,0
C2063118857,890,0,0,0,0,0,0,0,0,0,0,0,0,0,0,0
C2063165909,891,0,0,0,0,0,0,0,0,0,0,0,0,0,0,0
C2063290359,892,0,0,0,0,0,0,0,0,0,0,0,0,0,0,0
1186849456,893,0,0,0,0,0,0,0,0,0,0,0,0,0,0,0
1187417571,894,3,3,0,0,0,0,0,3,0,0,0,0,0,0,0
1189867415,895,0,0,0,0,0,0,0,0,0,0,0,0,0,0,0
C2063603563,896,3,3,0,0,3,0,0,0,0,0,0,0,0,0,0
C2063676235,897,0,1,0,0,0,0,0,0,0,0,0,0,1,0,0
C2063830030,898,0,1,0,0,0,0,0,0,0,0,0,0,0,0,1
C2063951511,899,3,4,0,3,0,0,0,0,0,0,0,0,0,1,0
C2063959293,900,1,3,0,0,0,0,0,0,0,0,1,0,0,0,2
C2063995924,901,3,3,0,0,0,0,3,0,0,0,0,0,0,0,0
1187417571,902,3,3,0,0,0,0,0,3,0,0,0,0,0,0,0
1179281706,903,0,1,0,0,0,0,0,0,0,0,0,0,0,0,1
1101025426,906,0,0,0,0,0,0,0,0,0,0,0,0,0,0,0
1100826941,907,0,1,0,0,0,0,0,0,0,0,0,0,0,0,1
1013938409,908,0,0,0,0,0,0,0,0,0,0,0,0,0,0,0
1189847862,909,0,0,0,0,0,0,0,0,0,0,0,0,0,0,0
C2064748963,911,0,0,0,0,0,0,0,0,0,0,0,0,0,0,0
C2064771751,912,0,0,0,0,0,0,0,0,0,0,0,0,0,0,0
C2064822866,913,0,0,0,0,0,0,0,0,0,0,0,0,0,0,0
C2064830501,914,0,0,0,0,0,0,0,0,0,0,0,0,0,0,0
C2064841906,915,0,0,0,0,0,0,0,0,0,0,0,0,0,0,0
C2064851336,916,0,0,0,0,0,0,0,0,0,0,0,0,0,0,0
C2064875096,917,0,0,0,0,0,0,0,0,0,0,0,0,0,0,0
C2064893162,918,0,0,0,0,0,0,0,0,0,0,0,0,0,0,0
C2064917282,919,3,5,0,0,0,0,3,0,0,0,0,0,0,0,2
C2064934877,920,0,2,0,0,0,0,0,0,0,0,0,0,0,1,1
C2064954728,921,0,0,0,0,0,0,0,0,0,0,0,0,0,0,0
C2064958922,922,0,0,0,0,0,0,0,0,0,0,0,0,0,0,0
C2064980120,923,0,0,0,0,0,0,0,0,0,0,0,0,0,0,0
C2064983893,924,0,0,0,0,0,0,0,0,0,0,0,0,0,0,0
C2064951045,925,0,0,0,0,0,0,0,0,0,0,0,0,0,0,0
C2064994656,926,0,0,0,0,0,0,0,0,0,0,0,0,0,0,0
C2065013711,927,0,0,0,0,0,0,0,0,0,0,0,0,0,0,0
C2065026498,928,0,1,0,0,0,0,0,0,0,0,0,0,1,0,0
C2065034405,929,0,0,0,0,0,0,0,0,0,0,0,0,0,0,0
C2065058745,930,0,0,0,0,0,0,0,0,0,0,0,0,0,0,0
C2065082739,931,0,0,0,0,0,0,0,0,0,0,0,0,0,0,0
C2065084014,932,0,0,0,0,0,0,0,0,0,0,0,0,0,0,0
C2065106075,933,0,0,0,0,0,0,0,0,0,0,0,0,0,0,0
C2065111883,934,0,0,0,0,0,0,0,0,0,0,0,0,0,0,0
C2065145704,935,0,0,0,0,0,0,0,0,0,0,0,0,0,0,0
C2065147272,936,0,0,0,0,0,0,0,0,0,0,0,0,0,0,0
C2065150512,937,0,0,0,0,0,0,0,0,0,0,0,0,0,0,0
C2065168849,938,3,4,0,0,0,0,3,0,0,0,0,0,0,0,1
C2065190523,940,0,0,0,0,0,0,0,0,0,0,0,0,0,0,0
C2065193149,941,0,0,0,0,0,0,0,0,0,0,0,0,0,0,0
C2065199554,942,0,3,0,0,0,0,0,0,0,0,0,0,0,1,2
C2065215569,943,3,3,0,3,0,0,0,0,0,0,0,0,0,0,0
1101263914,944,3,3,0,0,0,0,0,3,0,0,0,0,0,0,0
1101263914,945,3,3,0,0,0,0,0,3,0,0,0,0,0,0,0
C2065233173,946,0,0,0,0,0,0,0,0,0,0,0,0,0,0,0
1168235747,947,0,0,0,0,0,0,0,0,0,0,0,0,0,0,0
C2065284476,948,0,0,0,0,0,0,0,0,0,0,0,0,0,0,0
C2065516645,950,0,0,0,0,0,0,0,0,0,0,0,0,0,0,0
C2065561387,951,0,0,0,0,0,0,0,0,0,0,0,0,0,0,0
C2065563906,952,0,0,0,0,0,0,0,0,0,0,0,0,0,0,0
C2065587306,953,3,5,0,0,0,0,3,0,0,0,0,0,0,0,2
C2065632640,954,0,0,0,0,0,0,0,0,0,0,0,0,0,0,0
C2065643661,955,0,3,0,0,0,0,0,0,0,0,0,0,0,0,3
C2065661894,956,0,0,0,0,0,0,0,0,0,0,0,0,0,0,0
1171621212,957,0,4,0,0,0,0,0,0,0,0,0,0,0,0,4
C2065724070,958,0,0,0,0,0,0,0,0,0,0,0,0,0,0,0
C2065741038,959,0,2,0,0,0,0,0,0,0,0,0,0,1,1,0
C2065773452,960,0,0,0,0,0,0,0,0,0,0,0,0,0,0,0
C2065809069,961,0,0,0,0,0,0,0,0,0,0,0,0,0,0,0
C2065820049,962,0,0,0,0,0,0,0,0,0,0,0,0,0,0,0
C2065829020,963,0,0,0,0,0,0,0,0,0,0,0,0,0,0,0
1179357025,964,0,0,0,0,0,0,0,0,0,0,0,0,0,0,0
C2065841083,965,0,0,0,0,0,0,0,0,0,0,0,0,0,0,0
C2065873876,966,0,0,0,0,0,0,0,0,0,0,0,0,0,0,0
1002434509,967,0,0,0,0,0,0,0,0,0,0,0,0,0,0,0
C2065980915,969,4,8,0,0,0,0,3,0,1,0,0,0,0,0,4
C2066060784,970,0,0,0,0,0,0,0,0,0,0,0,0,0,0,0
C2066119625,971,0,0,0,0,0,0,0,0,0,0,0,0,0,0,0
C2066161168,972,0,0,0,0,0,0,0,0,0,0,0,0,0,0,0
C2066160804,973,0,1,0,0,0,0,0,0,0,0,0,0,0,0,1
C2066188294,974,0,1,0,0,0,0,0,0,0,0,0,0,0,1,0
C2066189337,975,0,0,0,0,0,0,0,0,0,0,0,0,0,0,0
C2066214783,976,3,4,0,3,0,0,0,0,0,0,0,0,0,1,0
C2066216924,977,0,0,0,0,0,0,0,0,0,0,0,0,0,0,0
C2066235959,978,0,1,0,0,0,0,0,0,0,0,0,0,1,0,0
C2066236208,979,3,3,0,0,0,0,3,0,0,0,0,0,0,0,0
C2066250938,980,0,2,0,0,0,0,0,0,0,0,0,0,0,0,2
C2066269703,981,3,3,0,0,0,0,3,0,0,0,0,0,0,0,0
1146996422,982,0,1,0,0,0,0,0,0,0,0,0,0,0,0,1
C2066364039,983,3,3,0,3,0,0,0,0,0,0,0,0,0,0,0
,984,3,3,0,0,0,0,0,3,0,0,0,0,0,0,0
C2066370274,985,0,0,0,0,0,0,0,0,0,0,0,0,0,0,0
C2066387016,986,0,0,0,0,0,0,0,0,0,0,0,0,0,0,0
C2066405909,987,0,0,0,0,0,0,0,0,0,0,0,0,0,0,0
C2066415145,988,0,0,0,0,0,0,0,0,0,0,0,0,0,0,0
C2066492540,990,0,0,0,0,0,0,0,0,0,0,0,0,0,0,0
C2066515289,991,0,0,0,0,0,0,0,0,0,0,0,0,0,0,0
1036275712,992,0,0,0,0,0,0,0,0,0,0,0,0,0,0,0
C2066577189,993,0,0,0,0,0,0,0,0,0,0,0,0,0,0,0
1189148855,994,0,0,0,0,0,0,0,0,0,0,0,0,0,0,0
1187417571,995,3,3,0,0,0,0,0,3,0,0,0,0,0,0,0
1184922827,996,0,0,0,0,0,0,0,0,0,0,0,0,0,0,0
1143854387,997,3,7,0,0,0,0,3,0,0,0,0,0,0,1,3
C2066816121,998,0,0,0,0,0,0,0,0,0,0,0,0,0,0,0
C2066855587,999,0,0,0,0,0,0,0,0,0,0,0,0,0,0,0
C2066906295,1000,0,0,0,0,0,0,0,0,0,0,0,0,0,0,0
C2066919131,1001,4,4,0,0,0,0,3,0,0,1,0,0,0,0,0
1172508970,1002,0,0,0,0,0,0,0,0,0,0,0,0,0,0,0
C2067020035,1003,3,3,0,0,0,0,3,0,0,0,0,0,0,0,0
C2067112988,1005,0,0,0,0,0,0,0,0,0,0,0,0,0,0,0
C2067113364,1006,3,3,0,0,0,3,0,0,0,0,0,0,0,0,0
C2067117513,1007,3,3,0,3,0,0,0,0,0,0,0,0,0,0,0
C2067118426,1008,0,0,0,0,0,0,0,0,0,0,0,0,0,0,0
C2067120243,1009,0,0,0,0,0,0,0,0,0,0,0,0,0,0,0
C2067126669,1010,0,0,0,0,0,0,0,0,0,0,0,0,0,0,0
C2067127481,1011,0,0,0,0,0,0,0,0,0,0,0,0,0,0,0
C2067113883,1012,3,3,0,0,0,3,0,0,0,0,0,0,0,0,0
C2067132082,1013,3,3,0,0,0,0,3,0,0,0,0,0,0,0,0
C2067132380,1014,0,3,0,0,0,0,0,0,0,0,0,0,1,1,1
C2067134003,1015,0,0,0,0,0,0,0,0,0,0,0,0,0,0,0
C2067139754,1016,3,3,0,0,0,0,3,0,0,0,0,0,0,0,0
C2067140581,1018,0,0,0,0,0,0,0,0,0,0,0,0,0,0,0
C2067136009,1019,0,0,0,0,0,0,0,0,0,0,0,0,0,0,0
C2067142284,1020,3,3,0,0,0,0,3,0,0,0,0,0,0,0,0
C2067143113,1021,0,0,0,0,0,0,0,0,0,0,0,0,0,0,0
C2067145118,1022,0,0,0,0,0,0,0,0,0,0,0,0,0,0,0
C2067144879,1023,0,0,0,0,0,0,0,0,0,0,0,0,0,0,0
C2067153579,1024,3,3,0,0,0,0,0,3,0,0,0,0,0,0,0
C2067155513,1025,0,0,0,0,0,0,0,0,0,0,0,0,0,0,0
C2067159659,1028,0,0,0,0,0,0,0,0,0,0,0,0,0,0,0
C2067153579,1029,3,3,0,0,0,0,0,3,0,0,0,0,0,0,0
C2067159333,1030,2,2,0,0,0,0,0,0,0,0,1,1,0,0,0
C2067161024,1031,0,0,0,0,0,0,0,0,0,0,0,0,0,0,0
C2067163159,1032,0,1,0,0,0,0,0,0,0,0,0,0,1,0,0
C2067163628,1033,0,1,0,0,0,0,0,0,0,0,0,0,0,0,1
C2067172085,1036,0,0,0,0,0,0,0,0,0,0,0,0,0,0,0
C2067185653,1037,0,0,0,0,0,0,0,0,0,0,0,0,0,0,0
C2067139864,1038,3,3,0,0,0,3,0,0,0,0,0,0,0,0,0
C2067190195,1039,0,0,0,0,0,0,0,0,0,0,0,0,0,0,0
C2067278774,1041,0,0,0,0,0,0,0,0,0,0,0,0,0,0,0
C2061078027,1042,3,3,0,0,0,0,0,3,0,0,0,0,0,0,0
C2067310251,1043,0,0,0,0,0,0,0,0,0,0,0,0,0,0,0
C2067339504,1045,0,0,0,0,0,0,0,0,0,0,0,0,0,0,0
C2067350473,1046,0,0,0,0,0,0,0,0,0,0,0,0,0,0,0
1005710655,1047,0,0,0,0,0,0,0,0,0,0,0,0,0,0,0
C2067374038,1049,3,3,0,0,0,0,0,3,0,0,0,0,0,0,0
C2067374038,1050,3,3,0,0,0,0,0,3,0,0,0,0,0,0,0
C2067379963,1051,0,0,0,0,0,0,0,0,0,0,0,0,0,0,0
C2067396042,1052,0,0,0,0,0,0,0,0,0,0,0,0,0,0,0
1032371186,1053,0,0,0,0,0,0,0,0,0,0,0,0,0,0,0
C2067422134,1054,0,0,0,0,0,0,0,0,0,0,0,0,0,0,0
C2067432236,1055,0,0,0,0,0,0,0,0,0,0,0,0,0,0,0
C2067438466,1056,0,0,0,0,0,0,0,0,0,0,0,0,0,0,0
C2067443275,1057,0,0,0,0,0,0,0,0,0,0,0,0,0,0,0
C2067450383,1058,3,3,0,0,0,0,3,0,0,0,0,0,0,0,0
C2067456569,1060,6,6,3,3,0,0,0,0,0,0,0,0,0,0,0
C2067457471,1061,0,0,0,0,0,0,0,0,0,0,0,0,0,0,0
C2067458547,1062,0,0,0,0,0,0,0,0,0,0,0,0,0,0,0
C2067467767,1063,0,0,0,0,0,0,0,0,0,0,0,0,0,0,0
C2067468831,1064,0,0,0,0,0,0,0,0,0,0,0,0,0,0,0
C2067472697,1065,0,0,0,0,0,0,0,0,0,0,0,0,0,0,0
C2067475451,1066,0,2,0,0,0,0,0,0,0,0,0,0,1,0,1
C2067480186,1067,0,2,0,0,0,0,0,0,0,0,0,0,0,0,2
C2067480810,1068,0,0,0,0,0,0,0,0,0,0,0,0,0,0,0
C2067485191,1070,0,0,0,0,0,0,0,0,0,0,0,0,0,0,0
C2067486123,1071,0,0,0,0,0,0,0,0,0,0,0,0,0,0,0
C2067487200,1072,0,0,0,0,0,0,0,0,0,0,0,0,0,0,0
C2067487920,1073,0,0,0,0,0,0,0,0,0,0,0,0,0,0,0
C2067488416,1074,3,4,0,0,3,0,0,0,0,0,0,0,0,1,0
C2067488647,1075,0,1,0,0,0,0,0,0,0,0,0,0,0,1,0
C2067493923,1076,0,0,0,0,0,0,0,0,0,0,0,0,0,0,0
C2067497685,1077,0,0,0,0,0,0,0,0,0,0,0,0,0,0,0
C2067507476,1078,0,0,0,0,0,0,0,0,0,0,0,0,0,0,0
C2067509806,1080,0,0,0,0,0,0,0,0,0,0,0,0,0,0,0
C2067510466,1081,0,0,0,0,0,0,0,0,0,0,0,0,0,0,0
C2067513314,1082,0,0,0,0,0,0,0,0,0,0,0,0,0,0,0
C2067513982,1084,3,3,0,0,0,3,0,0,0,0,0,0,0,0,0
C2067513355,1085,3,3,0,3,0,0,0,0,0,0,0,0,0,0,0
C2067514054,1086,0,0,0,0,0,0,0,0,0,0,0,0,0,0,0
,1087,3,3,0,0,0,0,0,3,0,0,0,0,0,0,0
C2067516133,1088,0,0,0,0,0,0,0,0,0,0,0,0,0,0,0
C2067518200,1089,0,0,0,0,0,0,0,0,0,0,0,0,0,0,0
C2067523360,1090,3,3,0,0,0,0,3,0,0,0,0,0,0,0,0
C2067529207,1091,0,0,0,0,0,0,0,0,0,0,0,0,0,0,0
C2067530664,1092,0,0,0,0,0,0,0,0,0,0,0,0,0,0,0
C2067532303,1093,3,3,0,0,0,3,0,0,0,0,0,0,0,0,0
C2067529172,1094,0,0,0,0,0,0,0,0,0,0,0,0,0,0,0
C2067538128,1095,0,0,0,0,0,0,0,0,0,0,0,0,0,0,0
C2067538425,1097,0,0,0,0,0,0,0,0,0,0,0,0,0,0,0
C2067539762,1098,0,0,0,0,0,0,0,0,0,0,0,0,0,0,0
C2067540196,1099,0,0,0,0,0,0,0,0,0,0,0,0,0,0,0
1154177130,1100,3,3,0,0,0,0,0,3,0,0,0,0,0,0,0
1154177130,1101,3,3,0,0,0,0,0,3,0,0,0,0,0,0,0
C2067555500,1102,0,0,0,0,0,0,0,0,0,0,0,0,0,0,0
C2067556754,1103,0,0,0,0,0,0,0,0,0,0,0,0,0,0,0
C2067559835,1104,0,0,0,0,0,0,0,0,0,0,0,0,0,0,0
C2067568420,1105,0,0,0,0,0,0,0,0,0,0,0,0,0,0,0
C2067570885,1106,0,0,0,0,0,0,0,0,0,0,0,0,0,0,0
C2067582994,1107,0,2,0,0,0,0,0,0,0,0,0,0,0,0,2
C2067583661,1108,0,0,0,0,0,0,0,0,0,0,0,0,0,0,0
C2067601378,1109,0,2,0,0,0,0,0,0,0,0,0,0,0,0,2
C2067647879,1111,0,0,0,0,0,0,0,0,0,0,0,0,0,0,0
C2067700653,1113,0,0,0,0,0,0,0,0,0,0,0,0,0,0,0
C2067712928,1114,0,0,0,0,0,0,0,0,0,0,0,0,0,0,0
1181820326,1115,0,0,0,0,0,0,0,0,0,0,0,0,0,0,0
C2067752233,1116,0,0,0,0,0,0,0,0,0,0,0,0,0,0,0
C2065757696,1117,0,0,0,0,0,0,0,0,0,0,0,0,0,0,0
C2067764649,1118,0,0,0,0,0,0,0,0,0,0,0,0,0,0,0
C2061581250,1119,3,3,0,0,0,0,0,3,0,0,0,0,0,0,0
C2067766310,1120,0,1,0,0,0,0,0,0,0,0,0,0,0,0,1
C2067824629,1121,3,3,0,0,0,0,3,0,0,0,0,0,0,0,0
C2067825933,1122,0,0,0,0,0,0,0,0,0,0,0,0,0,0,0
C2067843501,1123,0,0,0,0,0,0,0,0,0,0,0,0,0,0,0
C2067853710,1124,0,4,0,0,0,0,0,0,0,0,0,0,0,0,4
C2067856004,1125,0,0,0,0,0,0,0,0,0,0,0,0,0,0,0
C2067857678,1126,3,3,0,3,0,0,0,0,0,0,0,0,0,0,0
C2067862466,1127,0,0,0,0,0,0,0,0,0,0,0,0,0,0,0
C2067862541,1128,0,0,0,0,0,0,0,0,0,0,0,0,0,0,0
C2067865701,1129,0,0,0,0,0,0,0,0,0,0,0,0,0,0,0
C2067866783,1130,0,0,0,0,0,0,0,0,0,0,0,0,0,0,0
C2067886482,1131,3,4,0,0,0,0,3,0,0,0,0,0,0,0,1
C2067904310,1132,0,0,0,0,0,0,0,0,0,0,0,0,0,0,0
C2067926384,1133,0,1,0,0,0,0,0,0,0,0,0,0,0,1,0
C2067947690,1134,0,0,0,0,0,0,0,0,0,0,0,0,0,0,0
C2067951012,1135,0,0,0,0,0,0,0,0,0,0,0,0,0,0,0
C2067951295,1136,0,2,0,0,0,0,0,0,0,0,0,0,2,0,0
C2067957139,1137,0,0,0,0,0,0,0,0,0,0,0,0,0,0,0
C2067961178,1138,0,0,0,0,0,0,0,0,0,0,0,0,0,0,0
C2067962157,1139,0,0,0,0,0,0,0,0,0,0,0,0,0,0,0
C2067968865,1140,0,0,0,0,0,0,0,0,0,0,0,0,0,0,0
C2067971170,1141,3,3,0,0,0,0,3,0,0,0,0,0,0,0,0
C2067972653,1142,0,0,0,0,0,0,0,0,0,0,0,0,0,0,0
C2067982018,1143,0,0,0,0,0,0,0,0,0,0,0,0,0,0,0
C2067984705,1144,0,0,0,0,0,0,0,0,0,0,0,0,0,0,0
C2067992859,1145,3,4,0,0,0,0,3,0,0,0,0,0,0,0,1
C2068003645,1146,0,0,0,0,0,0,0,0,0,0,0,0,0,0,0
C2068012819,1147,0,0,0,0,0,0,0,0,0,0,0,0,0,0,0
C2068013772,1148,0,0,0,0,0,0,0,0,0,0,0,0,0,0,0
C2068014886,1149,0,0,0,0,0,0,0,0,0,0,0,0,0,0,0
C2068016642,1150,0,1,0,0,0,0,0,0,0,0,0,0,0,0,1
C2068016613,1151,0,0,0,0,0,0,0,0,0,0,0,0,0,0,0
C2068034058,1152,0,0,0,0,0,0,0,0,0,0,0,0,0,0,0
C2068022070,1153,0,1,0,0,0,0,0,0,0,0,0,0,0,0,1
C2068039223,1154,0,0,0,0,0,0,0,0,0,0,0,0,0,0,0
C2068042104,1155,0,0,0,0,0,0,0,0,0,0,0,0,0,0,0
C2068045694,1156,0,0,0,0,0,0,0,0,0,0,0,0,0,0,0
C2068049237,1157,0,0,0,0,0,0,0,0,0,0,0,0,0,0,0
C2068050645,1158,0,0,0,0,0,0,0,0,0,0,0,0,0,0,0
C2068062954,1159,0,1,0,0,0,0,0,0,0,0,0,0,0,0,1
C2068063468,1160,0,1,0,0,0,0,0,0,0,0,0,0,0,0,1
C2068071701,1161,0,1,0,0,0,0,0,0,0,0,0,0,0,0,1
C2068078228,1162,0,0,0,0,0,0,0,0,0,0,0,0,0,0,0
C2068081005,1163,3,3,0,0,0,0,3,0,0,0,0,0,0,0,0
C2068081919,1164,0,0,0,0,0,0,0,0,0,0,0,0,0,0,0
C2068084503,1165,0,0,0,0,0,0,0,0,0,0,0,0,0,0,0
C2059393062,1166,0,0,0,0,0,0,0,0,0,0,0,0,0,0,0
C2068089865,1167,0,1,0,0,0,0,0,0,0,0,0,0,0,0,1
C2068099020,1168,0,1,0,0,0,0,0,0,0,0,0,0,0,0,1
C2068100699,1169,0,0,0,0,0,0,0,0,0,0,0,0,0,0,0
C2068100655,1170,0,0,0,0,0,0,0,0,0,0,0,0,0,0,0
C2068102249,1172,0,0,0,0,0,0,0,0,0,0,0,0,0,0,0
C2068101020,1173,0,0,0,0,0,0,0,0,0,0,0,0,0,0,0
C2068106684,1174,0,0,0,0,0,0,0,0,0,0,0,0,0,0,0
C2068106085,1175,0,0,0,0,0,0,0,0,0,0,0,0,0,0,0
C2068111200,1176,0,0,0,0,0,0,0,0,0,0,0,0,0,0,0
1189172492,1177,0,0,0,0,0,0,0,0,0,0,0,0,0,0,0
C2068113856,1178,3,3,0,3,0,0,0,0,0,0,0,0,0,0,0
C2068113723,1179,0,0,0,0,0,0,0,0,0,0,0,0,0,0,0
C2068123446,1180,0,0,0,0,0,0,0,0,0,0,0,0,0,0,0
C2068124081,1182,3,5,0,0,0,0,3,0,0,0,0,0,0,0,2
C2068129980,1183,0,0,0,0,0,0,0,0,0,0,0,0,0,0,0
C2068132075,1184,0,0,0,0,0,0,0,0,0,0,0,0,0,0,0
C2068141667,1186,0,0,0,0,0,0,0,0,0,0,0,0,0,0,0
C2068149177,1187,0,0,0,0,0,0,0,0,0,0,0,0,0,0,0
C2068151598,1188,0,2,0,0,0,0,0,0,0,0,0,0,1,0,1
C2068157899,1189,0,0,0,0,0,0,0,0,0,0,0,0,0,0,0
C2068163142,1190,0,0,0,0,0,0,0,0,0,0,0,0,0,0,0
C2068169359,1191,0,0,0,0,0,0,0,0,0,0,0,0,0,0,0
C2059237628,1192,3,3,0,0,0,0,0,3,0,0,0,0,0,0,0
C2068175892,1193,0,0,0,0,0,0,0,0,0,0,0,0,0,0,0
C2068185003,1194,0,0,0,0,0,0,0,0,0,0,0,0,0,0,0
C2068187015,1195,0,0,0,0,0,0,0,0,0,0,0,0,0,0,0
C2068203887,1196,0,0,0,0,0,0,0,0,0,0,0,0,0,0,0
C2068208574,1197,0,0,0,0,0,0,0,0,0,0,0,0,0,0,0
C2068213404,1198,0,0,0,0,0,0,0,0,0,0,0,0,0,0,0
C2068224435,1200,0,0,0,0,0,0,0,0,0,0,0,0,0,0,0
C2067638536,1201,0,0,0,0,0,0,0,0,0,0,0,0,0,0,0
C2068240934,1202,0,1,0,0,0,0,0,0,0,0,0,0,0,0,1
